computed_utc	day	feed	sha256_of_uncompressed_content	bytes_uncompressed	source_file
2026-10-05T21:57:11Z	2026-09-08	v2v3-tape	0465ecef2fa64a0f2eb8dce9b922bb930f11f9dfd2cecd38cd2db06b14317e60	334911955	/home/green/.openclaw/workspace/wick-engine/logs/archive/2026-09/tape-2026-09-08.ndjson.gz
2026-10-05T21:57:12Z	2026-09-09	v2v3-tape	63441fbe77bf6f79a12cf87de354257a74eb2ce53ccd44a8df458c915ce89124	336197807	/home/green/.openclaw/workspace/wick-engine/logs/archive/2026-09/tape-2026-09-09.ndjson.gz
2026-10-05T21:57:13Z	2026-09-10	v2v3-tape	7552aab74e584dbc8fc5764457790b91e465ce2b2e44b3355137da60ed2ee1e1	353958706	/home/green/.openclaw/workspace/wick-engine/logs/archive/2026-09/tape-2026-09-10.ndjson.gz
2026-10-05T21:57:14Z	2026-09-11	v2v3-tape	5a402ce62603f2ce24b9ee09a2474aca982a85608662ee98ae3ee48f0872b73b	401412070	/home/green/.openclaw/workspace/wick-engine/logs/archive/2026-09/tape-2026-09-11.ndjson.gz
2026-10-05T21:57:16Z	2026-09-12	v2v3-tape	10821531b8df809ce25ec4e7d9f1eaa9ec8ba9b220bea5dbd0811f30cb8e8f24	326743629	/home/green/.openclaw/workspace/wick-engine/logs/archive/2026-09/tape-2026-09-12.ndjson.gz
2026-10-05T21:57:17Z	2026-09-13	v2v3-tape	56dd99b1ba9a959a3fbd1c83f87dcdb892bca78adf7bf9af2719e5956556ef71	320482992	/home/green/.openclaw/workspace/wick-engine/logs/archive/2026-09/tape-2026-09-13.ndjson.gz
2026-10-05T21:57:18Z	2026-09-14	v2v3-tape	f3ed8bd1737a62da136d6f526eb02ad06fd64bb98421a43a7e4383e3dd4a8d5a	355935007	/home/green/.openclaw/workspace/wick-engine/logs/archive/2026-09/tape-2026-09-14.ndjson.gz
2026-10-05T21:57:19Z	2026-09-15	v2v3-tape	febf00ca7f18451acbba60bed686f6ed7df38168f1ec7232c8e84ea003c9167a	305587302	/home/green/.openclaw/workspace/wick-engine/logs/archive/2026-09/tape-2026-09-15.ndjson.gz
2026-10-05T21:57:19Z	2026-09-16	v2v3-tape	d4bbc7def2eed61097b6fd36fbffd3c1724ebdfffedf4a10fa35f512490bb811	203587058	/home/green/.openclaw/workspace/wick-engine/logs/robinhood-tape/tape-2026-09-16.ndjson
2026-10-05T21:57:20Z	2026-09-17	v2v3-tape	01e0655c6ef98197ba9dce7aec245d67f164c9e55744199b92526032eba8d3da	239585133	/home/green/.openclaw/workspace/wick-engine/logs/archive/2026-09/tape-2026-09-17.ndjson.gz
2026-10-05T21:57:21Z	2026-09-18	v2v3-tape	9d131eb2b2709f6f75ede89e49e4319d5526aab0e357ff1b3bee6a6205e8d1ff	229494108	/home/green/.openclaw/workspace/wick-engine/logs/archive/2026-09/tape-2026-09-18.ndjson.gz
2026-10-05T21:57:21Z	2026-09-18	v4-wide	623b79c4f1fdfbf8b0839b4595565f1937a3bc16967934acc7bc17336c48666d	40206882	/home/green/noxabot/logs/v4-wide/uniswap-v4-wide-2026-09-18.ndjson
2026-10-05T21:57:21Z	2026-09-19	v2v3-tape	37389f32b244b5f33238bcf133aa1b827afe907e86eab2cf2184195b3d56d5e7	216195861	/home/green/.openclaw/workspace/wick-engine/logs/archive/2026-09/tape-2026-09-19.ndjson.gz
2026-10-05T21:57:22Z	2026-09-19	v4-wide	c803c25cd79990c53800e8a51fc3631345ad9e05eb5b5c5defcbee828a6858ce	807329720	/home/green/noxabot/logs/v4-wide/uniswap-v4-wide-2026-09-19.ndjson
2026-10-05T21:57:22Z	2026-09-20	v2v3-tape	798e569de1dec2b26300ba17778be456e4aa2b1579029e79edbfca7e3ee15b49	166543251	/home/green/.openclaw/workspace/wick-engine/logs/robinhood-tape/tape-2026-09-20.ndjson
2026-10-05T21:57:23Z	2026-09-20	v4-wide	38a5b3ba9145f1aacc1c4074eebc95fe46b7d99e6c2eaab81ac3b52e3a050fb3	642802617	/home/green/noxabot/logs/v4-wide/uniswap-v4-wide-2026-09-20.ndjson
2026-10-05T21:57:24Z	2026-09-21	v2v3-tape	64d034f49c4f506ed81df2aee57878f2c89875a5a9dc98f7599054d88a815370	228776192	/home/green/.openclaw/workspace/wick-engine/logs/archive/2026-09/tape-2026-09-21.ndjson.gz
2026-10-05T21:57:25Z	2026-09-21	v4-wide	a1920752bdf9ce49db18bea5ad0826261dc516ecfdf8976a4766e876b14672fe	979263899	/home/green/noxabot/logs/v4-wide/uniswap-v4-wide-2026-09-21.ndjson
2026-10-05T21:57:26Z	2026-09-22	v2v3-tape	6c017e282e7892767f05bb30482ce13af875a1c4d7dcf812cd40c1119a96e562	210243390	/home/green/.openclaw/workspace/wick-engine/logs/archive/2026-09/tape-2026-09-22.ndjson.gz
2026-10-05T21:57:27Z	2026-09-22	v4-wide	54c121ade307c4395bec9d671f2fe8e44f9c399ecd78b8a8dbc113afb8be758c	864121751	/home/green/noxabot/logs/v4-wide/uniswap-v4-wide-2026-09-22.ndjson
2026-10-05T21:57:27Z	2026-09-23	v2v3-tape	81177be3a17c3c21d806aaf2e042dffcc49b997d550da9925bcd6c9e0ebf4ab8	207976329	/home/green/.openclaw/workspace/wick-engine/logs/robinhood-tape/tape-2026-09-23.ndjson
2026-10-05T21:57:28Z	2026-09-23	v4-wide	ccd746441d3bf24fc9157892717de5b4613d35c6d36c26d6a8272749ebdf5b14	773553253	/home/green/noxabot/logs/v4-wide/uniswap-v4-wide-2026-09-23.ndjson
2026-10-05T21:57:28Z	2026-09-24	v2v3-tape	fb53df292996c798823425b68f89a6aa891bc0d822e942cabd3b3c5a71aed48e	187722494	/home/green/.openclaw/workspace/wick-engine/logs/robinhood-tape/tape-2026-09-24.ndjson
2026-10-05T21:57:29Z	2026-09-24	v4-wide	900c6fb61286ccb0d2822be10dd0db09c417f0e08a9a889c5392e39964642e97	632161831	/home/green/noxabot/logs/v4-wide/uniswap-v4-wide-2026-09-24.ndjson
2026-10-05T21:57:29Z	2026-09-25	v2v3-tape	af5200c6133cb04353ccf6b4fc29ea4c499675d46f6ed9f24a1be2a31af05676	216519290	/home/green/.openclaw/workspace/wick-engine/logs/archive/2026-09/tape-2026-09-25.ndjson.gz
2026-10-05T21:57:30Z	2026-09-25	v4-wide	e3042c4360d14e64bb2107c2f9e84744add926834d1debaad9acad73a46d7d73	634048818	/home/green/noxabot/logs/v4-wide/uniswap-v4-wide-2026-09-25.ndjson
2026-10-05T21:57:30Z	2026-09-26	v2v3-tape	c7d9d50d49e5c581d1d8b2cfeccfbec91505225a90ee742bea4ce6cf14461c09	189450821	/home/green/.openclaw/workspace/wick-engine/logs/robinhood-tape/tape-2026-09-26.ndjson
2026-10-05T21:57:31Z	2026-09-26	v4-wide	3d555a7dd810fa42e9e267d0f276bb9d7cfd990cfb33e0a55dad95c4129896c2	610583208	/home/green/noxabot/logs/v4-wide/uniswap-v4-wide-2026-09-26.ndjson
