block	unix_ts
65475000	1789658986
65500000	1789661498
65525000	1789664013
65550000	1789666524
65575000	1789669037
65600000	1789671547
65625000	1789674067
65650000	1789676580
65675000	1789679098
65700000	1789681610
65725000	1789684118
65750000	1789686631
65775000	1789689148
65800000	1789691663
65825000	1789694180
65850000	1789696705
65875000	1789699225
65900000	1789701744
65925000	1789704263
65950000	1789706786
65975000	1789709315
66000000	1789711846
66025000	1789714369
66050000	1789716888
66075000	1789719410
66100000	1789721932
66125000	1789724449
66150000	1789726970
66175000	1789729489
66200000	1789732007
66225000	1789734522
66250000	1789737031
66275000	1789739544
66300000	1789742055
66325000	1789744573
66350000	1789747086
66375000	1789749604
66400000	1789752121
66425000	1789754649
66450000	1789757170
66475000	1789759695
66500000	1789762214
66525000	1789764726
66550000	1789767249
66575000	1789769767
66600000	1789772283
66625000	1789774798
66650000	1789777316
66675000	1789779830
66700000	1789782348
66725000	1789784867
66750000	1789787388
66775000	1789789912
66800000	1789792433
66825000	1789794959
66850000	1789797477
66875000	1789799998
66900000	1789802516
66925000	1789805032
66950000	1789807559
66975000	1789810080
67000000	1789812602
67025000	1789815121
67050000	1789817639
67075000	1789820155
67100000	1789822671
67125000	1789825186
67150000	1789827719
67175000	1789830235
67200000	1789832752
67225000	1789835271
67250000	1789837782
67275000	1789840300
67300000	1789842811
67325000	1789845321
67350000	1789847824
67375000	1789850332
67400000	1789852844
67425000	1789855356
67450000	1789857879
67475000	1789860410
67500000	1789862937
67525000	1789865449
67550000	1789867979
67575000	1789870502
67600000	1789873019
67625000	1789875538
67650000	1789878067
67675000	1789880611
67700000	1789883155
67725000	1789885692
67750000	1789888235
67775000	1789890783
67800000	1789893306
67825000	1789895834
67850000	1789898366
67875000	1789900903
67900000	1789903428
67925000	1789905950
67950000	1789908463
67975000	1789910983
68000000	1789913495
68025000	1789916005
68050000	1789918515
68075000	1789921020
68100000	1789923524
68125000	1789926033
68150000	1789928546
68175000	1789931049
68200000	1789933558
68225000	1789936069
68250000	1789938582
68275000	1789941093
68300000	1789943613
68325000	1789946143
68350000	1789948677
68375000	1789951196
68400000	1789953726
68425000	1789956244
68450000	1789958777
68475000	1789961283
68500000	1789963799
68525000	1789966313
68550000	1789968833
68575000	1789971356
68600000	1789973885
68625000	1789976412
68650000	1789978927
68675000	1789981442
68700000	1789983960
68725000	1789986472
68750000	1789988988
68775000	1789991507
68800000	1789994017
68825000	1789996530
68850000	1789999035
68875000	1790001542
68900000	1790004046
68925000	1790006550
68950000	1790009049
68975000	1790011551
69000000	1790014054
69025000	1790016560
69050000	1790019064
69075000	1790021574
69100000	1790024086
69125000	1790026594
69150000	1790029113
69175000	1790031628
69200000	1790034145
69225000	1790036655
69250000	1790039169
69275000	1790041682
69300000	1790044204
69325000	1790046730
69350000	1790049253
69375000	1790051777
69400000	1790054305
69425000	1790056841
69450000	1790059389
69475000	1790061927
69500000	1790064471
69525000	1790067001
69550000	1790069536
69575000	1790072068
69600000	1790074596
69625000	1790077118
69650000	1790079634
69675000	1790082153
69700000	1790084663
69725000	1790087175
69750000	1790089682
69775000	1790092190
69800000	1790094697
69825000	1790097209
69850000	1790099721
69875000	1790102230
69900000	1790104739
69925000	1790107249
69950000	1790109772
69975000	1790112280
70000000	1790114791
70025000	1790117301
70050000	1790119815
70075000	1790122328
70100000	1790124848
70125000	1790127364
70150000	1790129880
70175000	1790132397
70200000	1790134908
70225000	1790137424
70250000	1790139943
70275000	1790142469
70300000	1790144987
70325000	1790147510
70350000	1790150034
70375000	1790152558
70400000	1790155081
70425000	1790157607
70450000	1790160135
70475000	1790162662
70500000	1790165181
70525000	1790167702
70550000	1790170218
70575000	1790172732
70600000	1790175244
70625000	1790177760
70650000	1790180270
70675000	1790182779
70700000	1790185286
70725000	1790187797
70750000	1790190313
70775000	1790192826
70800000	1790195336
70825000	1790197853
70850000	1790200374
70875000	1790202896
70900000	1790205420
70925000	1790207946
70950000	1790210467
70975000	1790212988
71000000	1790215511
71025000	1790218033
71050000	1790220564
71075000	1790223102
71100000	1790225642
71125000	1790228182
71150000	1790230709
71175000	1790233244
71200000	1790235777
71225000	1790238297
71250000	1790240821
71275000	1790243346
71300000	1790245875
71325000	1790248407
71350000	1790250923
71375000	1790253443
71400000	1790255963
71425000	1790258476
71450000	1790260988
71475000	1790263503
71500000	1790266017
71525000	1790268529
71550000	1790271046
71575000	1790273557
71600000	1790276070
71625000	1790278573
71650000	1790281082
71675000	1790283595
71700000	1790286108
71725000	1790288622
71750000	1790291135
71775000	1790293660
71800000	1790296177
71825000	1790298694
71850000	1790301213
71875000	1790303741
71900000	1790306265
71925000	1790308794
71950000	1790311331
71975000	1790313855
72000000	1790316392
72025000	1790318920
72050000	1790321453
72075000	1790323981
72100000	1790326501
72125000	1790329029
72150000	1790331551
72175000	1790334084
72200000	1790336609
72225000	1790339132
72250000	1790341648
72275000	1790344163
72300000	1790346670
72325000	1790349181
72350000	1790351696
72375000	1790354204
72400000	1790356715
72425000	1790359228
72450000	1790361738
72475000	1790364250
72500000	1790366766
72525000	1790369276
72550000	1790371789
72575000	1790374305
72600000	1790376826
72625000	1790379356
72650000	1790381878
72675000	1790384401
72700000	1790386931
72725000	1790389466
72750000	1790391998
72775000	1790394525
72800000	1790397061
72825000	1790399601
72850000	1790402145
